Player,Tm,Pos,Age,G,GS,Tgt,Rec,PassingYds,PassingTD,PassingAtt,RushingYds,RushingTD,RushingAtt,ReceivingYds,ReceivingTD,FantasyPoints,Int,Fumbles,FumblesLost
Christian McCaffrey,SFO,RB,27,16,16,83,67,0,0,0,1459,14,272,564,7,324,0,3,2
CeeDee Lamb,DAL,WR,24,17,17,181,135,0,0,0,113,2,14,1749,12,268,0,3,2
Josh Allen,BUF,QB,27,17,17,0,0,4306,29,579,524,15,111,0,0,393,18,7,4
Tyreek Hill,MIA,WR,29,16,16,171,119,0,0,0,15,0,6,1799,13,257,0,1,1
Jalen Hurts,PHI,QB,25,17,17,0,0,3858,23,538,605,15,157,0,0,357,15,9,5
Raheem Mostert,MIA,RB,31,15,15,32,25,0,0,0,1012,18,209,175,3,243,0,4,1
Amon-Ra St. Brown,DET,WR,24,16,16,164,119,0,0,0,24,0,4,1515,10,212,0,1,1
Dak Prescott,DAL,QB,30,17,17,0,0,4516,36,590,242,2,55,0,0,343,9,4,2
Mike Evans,TAM,WR,30,17,17,136,79,0,0,0,0,0,0,1255,13,204,0,0,0
Lamar Jackson,BAL,QB,26,16,16,0,0,3678,24,457,821,5,148,0,0,331,7,11,6
Sam LaPorta,DET,TE,22,17,14,120,86,0,0,0,4,0,1,889,10,153,0,0,0
Travis Etienne,JAX,RB,24,17,17,73,58,0,0,0,1008,11,267,476,1,224,0,0,0
Kyren Williams,LAR,RB,23,12,11,48,32,0,0,0,1144,12,228,206,3,223,0,3,2
Puka Nacua,LAR,WR,22,17,17,160,105,0,0,0,89,0,12,1486,6,194,0,1,0
D.J. Moore,CHI,WR,26,17,17,136,96,0,0,0,21,1,4,1364,8,191,0,1,1
Derrick Henry,TEN,RB,29,17,17,36,28,14,2,3,1167,12,280,214,0,219,0,0,0
Joe Mixon,CIN,RB,27,17,17,64,52,0,0,0,1034,9,257,376,3,215,0,0,0
Jordan Love,GNB,QB,25,17,17,0,0,4159,32,579,247,4,50,0,0,319,11,9,3
Breece Hall,NYJ,RB,22,17,16,95,76,0,0,0,994,5,223,591,4,215,0,2,0
A.J. Brown,PHI,WR,26,17,17,158,106,0,0,0,0,0,0,1456,7,184,0,2,2
Deebo Samuel,SFO,WR,27,15,15,89,60,0,0,1,225,5,37,892,7,184,0,1,0
George Kittle,SFO,TE,30,16,16,90,65,0,0,0,2,0,1,1020,6,138,0,0,0
Nico Collins,HOU,WR,24,15,10,109,80,0,0,0,7,0,1,1297,8,180,0,1,0
Rachaad White,TAM,RB,24,17,17,70,64,0,0,0,990,6,272,549,3,204,0,3,2
Brandon Aiyuk,SFO,WR,25,16,16,105,75,0,0,0,0,0,0,1342,7,174,0,1,1
Travis Kelce,KAN,TE,34,15,15,121,93,0,0,0,0,0,0,984,5,126,0,1,1
Keenan Allen,LAC,WR,31,13,13,150,108,49,1,2,6,0,2,1243,7,171,0,2,1
T.J. Hockenson,MIN,TE,26,15,11,127,95,0,0,0,0,0,0,960,5,124,0,1,1
Stefon Diggs,BUF,WR,30,17,17,160,107,0,0,0,5,0,1,1183,8,167,0,2,1
David Njoku,CLE,TE,27,16,16,123,81,0,0,0,0,0,0,882,6,120,0,2,2
Brock Purdy,SFO,QB,24,16,16,0,0,4280,31,444,144,2,39,0,0,296,11,6,2
David Montgomery,DET,RB,26,14,14,24,16,0,0,0,1015,13,219,117,0,191,0,2,1
Ja'Marr Chase,CIN,WR,23,16,16,145,100,-7,0,1,-6,0,3,1216,7,163,0,1,0
Davante Adams,LVR,WR,31,17,17,175,103,0,0,0,0,0,0,1144,8,162,0,0,0
Jahmyr Gibbs,DET,RB,21,15,3,71,52,0,0,0,945,10,182,316,1,190,0,2,1
Evan Engram,JAX,TE,29,17,15,143,114,0,0,0,0,0,0,963,4,116,0,3,2
James Cook,BUF,RB,24,17,13,54,44,0,0,0,1122,2,237,445,4,189,0,4,2
Bijan Robinson,ATL,RB,21,17,16,86,58,0,0,0,976,4,214,487,4,188,0,4,3
D.K. Metcalf,SEA,WR,26,16,16,119,66,0,0,0,0,0,0,1114,8,159,0,0,0
Jared Goff,DET,QB,29,17,17,0,0,4575,30,605,21,2,32,0,0,289,12,6,4
Taysom Hill,NOR,TE,33,16,7,40,33,83,1,11,401,4,81,291,2,111,0,1,1
Amari Cooper,CLE,WR,29,15,15,128,72,0,0,0,0,0,0,1250,5,155,0,2,1
Saquon Barkley,NYG,RB,26,14,14,60,41,0,0,0,962,6,247,280,4,182,0,2,2
Calvin Ridley,JAX,WR,29,17,17,136,76,0,0,0,23,0,9,1016,8,154,0,1,0
Jayden Reed,GNB,WR,23,16,13,94,64,0,0,0,119,2,11,793,8,153,0,2,0
Cole Kmet,CHI,TE,24,17,17,90,73,0,0,0,2,0,3,719,6,108,0,1,0
Jordan Addison,MIN,WR,21,17,14,108,70,0,0,0,2,0,1,911,10,151,0,0,0
Jake Ferguson,DAL,TE,24,17,16,102,71,0,0,0,0,0,0,761,5,106,0,0,0
DeAndre Hopkins,TEN,WR,31,17,16,137,75,0,0,1,9,0,2,1057,7,149,0,0,0
Patrick Mahomes,KAN,QB,28,16,16,0,0,4183,27,597,389,0,75,0,0,280,14,5,3
Jakobi Meyers,LVR,WR,27,16,16,106,71,12,1,3,24,2,4,807,8,148,0,0,0
James Conner,ARI,RB,28,13,13,33,27,0,0,0,1040,7,208,165,2,175,0,0,0
Gus Edwards,BAL,RB,28,17,9,13,12,0,0,0,810,13,198,180,0,175,0,3,2
DeVonta Smith,PHI,WR,25,16,16,112,81,0,0,0,0,0,0,1066,7,147,0,1,1
George Pickens,PIT,WR,22,17,16,106,63,0,0,0,18,0,3,1140,5,146,0,3,0
Trey McBride,ARI,TE,24,17,12,106,81,0,0,0,0,0,0,825,3,101,0,1,0
Chris Olave,NOR,WR,23,16,11,138,87,0,0,0,0,0,0,1123,5,144,0,0,0
C.J. Stroud,HOU,QB,22,15,15,1,1,4108,23,499,167,3,39,0,0,275,5,8,4
Kenneth Walker III,SEA,RB,23,15,15,37,29,0,0,0,905,8,219,259,1,170,0,1,0
Baker Mayfield,TAM,QB,28,17,17,0,0,4044,28,566,163,1,62,0,0,274,10,8,3
Isiah Pacheco,KAN,RB,24,14,13,49,44,0,0,0,935,7,205,244,2,170,0,1,1
Michael Pittman Jr.,IND,WR,26,16,15,156,109,0,0,0,0,0,0,1152,4,141,0,2,1
Tony Pollard,DAL,RB,26,17,17,67,55,0,0,0,1005,6,252,311,0,168,0,3,1
Jerome Ford,CLE,RB,24,17,12,63,44,0,0,0,813,4,204,319,5,167,0,1,1
Najee Harris,PIT,RB,25,17,17,38,29,0,0,0,1035,8,255,170,0,167,0,2,1
Tua Tagovailoa,MIA,QB,25,17,17,0,0,4624,29,560,74,0,35,0,0,270,14,13,5
Dalton Schultz,HOU,TE,27,15,8,88,59,0,0,0,0,0,0,635,5,92,0,1,1
Mark Andrews,BAL,TE,28,10,9,61,45,0,0,0,0,0,1,544,6,90,0,1,0
De'Von Achane,MIA,RB,22,11,4,37,27,0,0,0,800,8,103,197,3,164,0,1,1
Justin Jefferson,MIN,WR,24,10,9,100,68,0,0,1,-12,0,1,1074,5,134,0,1,1
Brian Robinson Jr.,WAS,RB,24,15,15,43,36,0,0,0,733,5,178,368,4,162,0,4,2
Rashee Rice,KAN,WR,23,16,8,102,79,0,0,0,-3,0,1,938,7,134,0,2,1
D'Andre Swift,PHI,RB,24,16,15,49,39,0,0,0,1049,5,229,214,1,160,0,3,1
Courtland Sutton,DEN,WR,28,16,14,90,59,0,0,0,0,0,0,772,10,131,0,3,3
Terry McLaurin,WAS,WR,28,17,17,132,79,0,0,0,0,0,0,1002,4,130,0,0,0
Trevor Lawrence,JAX,QB,24,16,16,0,0,4016,21,564,339,4,70,0,0,263,14,12,7
Sam Howell,WAS,QB,23,17,17,1,1,3946,21,612,263,5,48,4,0,257,21,4,2
Russell Wilson,DEN,QB,35,15,15,0,0,3070,26,447,341,3,80,0,0,257,8,10,5
Matthew Stafford,LAR,QB,35,15,15,0,0,3965,24,521,65,0,21,0,0,243,11,0,0
Derek Carr,NOR,QB,32,17,17,0,0,3878,25,548,40,0,32,0,0,241,8,7,3
Justin Herbert,LAC,QB,25,13,13,1,1,3134,20,456,228,3,52,10,0,233,7,4,1
Justin Fields,CHI,QB,24,13,13,0,0,2562,16,370,657,4,124,0,0,230,9,10,4
Geno Smith,SEA,QB,33,15,15,1,1,3624,20,499,155,1,37,-2,0,226,9,5,3
Joshua Dobbs,2TM,QB,28,13,12,0,0,2464,13,417,421,6,77,0,0,201,10,14,7
Gardner Minshew II,IND,QB,27,17,13,0,0,3305,15,490,100,3,34,0,0,196,9,8,5
Desmond Ridder,ATL,QB,24,15,13,1,1,2836,12,388,193,5,53,-6,0,176,12,12,7
Alvin Kamara,NOR,RB,28,13,12,86,75,0,0,0,694,5,180,466,1,158,0,0,0
Bryce Young,CAR,QB,22,16,16,0,0,2877,11,527,253,0,39,0,0,156,10,11,6
Kirk Cousins,MIN,QB,35,8,8,0,0,2331,18,311,25,0,14,0,0,150,5,7,4
Joe Burrow,CIN,QB,27,10,10,0,0,2309,15,365,88,0,31,0,0,147,6,2,1
Kyler Murray,ARI,QB,26,8,8,0,0,1799,10,268,244,3,44,0,0,146,5,7,0
Chuba Hubbard,CAR,RB,24,17,12,44,39,0,0,0,902,5,238,233,0,144,0,1,0
Josh Jacobs,LVR,RB,25,13,13,54,37,0,0,0,805,6,233,296,0,144,0,3,1
Jake Browning,CIN,QB,27,9,7,1,1,1936,12,243,127,3,27,-7,0,143,7,3,0
Zack Moss,IND,RB,26,14,8,37,27,0,0,0,794,5,183,192,2,143,0,0,0
Devin Singletary,HOU,RB,26,17,10,38,30,6,1,1,898,4,216,193,0,137,0,1,0
Jonathan Taylor,IND,RB,24,10,7,23,19,0,0,0,741,7,169,153,1,137,0,1,0
Jaylen Warren,PIT,RB,25,17,0,74,61,0,0,0,784,4,149,370,0,135,0,4,2
Austin Ekeler,LAC,RB,28,14,14,74,51,0,0,0,628,5,179,436,1,134,0,5,4
Javonte Williams,DEN,RB,23,16,13,58,47,0,0,0,774,3,217,228,2,132,0,1,1
Zay Flowers,BAL,WR,23,16,16,108,77,0,0,0,56,1,8,858,5,129,0,0,0
Adam Thielen,CAR,WR,33,17,17,137,103,0,0,0,6,0,1,1014,4,128,0,2,0
Jaylen Waddle,MIA,WR,25,14,14,104,72,0,0,0,12,0,3,1014,4,127,0,0,0
Chris Godwin,TAM,WR,27,17,17,130,83,0,0,1,38,1,4,1024,2,126,0,0,0
Aidan O'Connell,LVR,QB,25,11,10,0,0,2218,12,343,11,1,17,0,0,126,7,4,2
Ezekiel Elliott,NWE,RB,28,17,5,65,51,0,0,0,642,3,184,313,2,124,0,2,1
Tyler Lockett,SEA,WR,31,17,17,122,79,0,0,0,0,0,0,894,5,123,0,0,0
Tyler Allgeier,ATL,RB,23,17,3,23,18,0,0,0,683,4,186,193,1,120,0,0,0
Zach Wilson,NYJ,QB,24,12,11,0,0,2271,8,368,211,0,36,0,0,120,7,11,7
Brandin Cooks,DAL,WR,30,16,15,81,54,0,0,0,35,0,5,657,8,119,0,1,0
Tank Dell,HOU,WR,24,11,8,75,47,0,0,0,51,0,11,709,7,118,0,1,0
Garrett Wilson,NYJ,WR,23,17,17,168,95,0,0,1,0,0,4,1042,3,118,0,2,2
Gabriel Davis,BUF,WR,24,17,17,81,45,0,0,0,-2,0,1,746,7,116,0,1,1
Romeo Doubs,GNB,WR,23,17,16,96,59,0,0,0,0,0,0,674,8,115,0,1,0
Kenny Pickett,PIT,QB,25,12,12,0,0,2070,6,324,54,1,42,0,0,110,4,2,0
Rashid Shaheed,NOR,WR,25,15,8,75,46,0,0,0,37,0,7,719,5,110,0,1,1
Rhamondre Stevenson,NWE,RB,25,12,12,51,38,0,0,0,619,4,156,238,0,108,0,1,1
Mac Jones,NWE,QB,25,11,11,0,0,2120,10,345,96,0,26,0,0,106,12,3,2
Aaron Jones,GNB,RB,29,11,11,43,30,0,0,0,656,2,142,233,1,105,0,2,1
Cooper Kupp,LAR,WR,30,12,12,95,59,0,0,0,-3,0,1,737,5,105,0,0,0
Drake London,ATL,WR,22,16,16,110,69,22,0,1,0,0,0,905,2,105,0,0,0
Kareem Hunt,CLE,RB,28,15,2,21,15,0,0,0,411,9,135,84,0,104,0,0,0
Alexander Mattison,MIN,RB,25,16,13,44,30,0,0,0,700,0,180,192,3,103,0,3,2
Diontae Johnson,PIT,WR,27,13,11,87,51,0,0,0,0,0,0,717,5,102,0,1,0
Will Levis,TEN,QB,24,9,9,0,0,1808,8,255,57,1,25,0,0,102,4,7,4
Tyjae Spears,TEN,RB,22,17,1,70,52,0,0,0,453,2,100,385,1,102,0,1,0
Joe Flacco,CLE,QB,38,5,5,0,0,1616,13,204,2,0,9,0,0,101,8,4,1
Darius Slayton,NYG,WR,26,17,13,79,50,0,0,0,0,0,0,770,4,101,0,0,0
AJ Dillon,GNB,RB,25,15,6,28,22,0,0,0,613,2,178,223,0,96,0,0,0
Tee Higgins,CIN,WR,24,12,11,76,42,0,0,0,0,0,0,656,5,96,0,0,0
Curtis Samuel,WAS,WR,27,16,13,91,62,0,0,0,39,1,7,613,4,95,0,0,0
Tommy DeVito,NYG,QB,25,9,6,0,0,1101,8,178,195,1,36,0,0,94,3,2,1
Khalil Herbert,CHI,RB,25,12,9,31,20,0,0,0,611,2,132,134,1,93,0,1,1
Christian Kirk,JAX,WR,27,12,12,85,57,-1,0,2,6,0,1,787,3,93,0,2,2
Josh Downs,IND,WR,22,17,9,98,68,0,0,0,0,0,0,771,2,89,0,0,0
Josh Reynolds,DET,WR,28,17,13,64,40,0,0,0,0,0,0,608,5,89,0,1,1
Jerry Jeudy,DEN,WR,24,16,11,87,54,0,0,0,0,0,0,758,2,88,0,1,0
Jaxon Smith-Njigba,SEA,WR,21,17,3,93,63,0,0,0,0,0,0,628,4,87,0,0,0
Tyrod Taylor,NYG,QB,34,11,5,0,0,1341,5,180,197,0,38,0,0,87,3,4,0
Deshaun Watson,CLE,QB,28,6,6,0,0,1115,7,171,142,1,26,0,0,87,4,5,2
Marquise Brown,ARI,WR,26,14,14,101,51,0,0,0,23,0,2,574,4,84,0,0,0
Kyle Pitts,ATL,TE,23,17,15,90,53,0,0,0,-4,0,1,667,3,84,0,0,0
DJ Chark,CAR,WR,27,15,11,66,35,0,0,0,0,0,0,525,5,81,0,2,1
Justice Hill,BAL,RB,26,16,5,39,28,0,0,0,387,3,84,206,1,81,0,1,1
Dontayvion Wicks,GNB,WR,22,15,6,58,39,14,0,1,1,0,1,581,4,81,0,3,1
Ty Chandler,MIN,RB,25,17,4,25,21,0,0,0,461,3,102,159,0,80,0,0,0
D'Onta Foreman,CHI,RB,27,9,8,16,11,0,0,0,425,4,109,77,1,80,0,1,0
Ryan Tannehill,TEN,QB,35,10,8,1,0,1616,4,230,74,1,17,0,0,80,7,4,0
Antonio Gibson,WAS,RB,25,16,2,59,48,0,0,0,265,1,65,389,2,79,0,4,2
Tyler Boyd,CIN,WR,29,17,13,98,67,0,0,1,11,0,2,667,2,78,1,0,0
Hunter Henry,NWE,TE,29,14,10,61,42,0,0,0,0,0,0,419,6,78,0,1,0
Dallas Goedert,PHI,TE,28,14,14,83,59,0,0,0,1,0,1,592,3,77,0,0,0
Dalton Kincaid,BUF,TE,24,16,11,91,73,0,0,0,0,0,0,673,2,77,0,1,1
Michael Wilson,ARI,WR,23,13,12,58,38,0,0,0,0,0,0,565,3,77,0,0,0
Jahan Dotson,WAS,WR,23,17,16,83,49,0,0,0,0,0,0,518,4,76,0,0,0
Rico Dowdle,DAL,RB,25,16,0,22,17,0,0,0,361,2,89,144,2,75,0,0,0
Jaleel McLaughlin,DEN,RB,23,17,3,36,31,0,0,0,410,1,76,160,2,75,0,0,0
Khalil Shakir,BUF,WR,23,17,10,45,39,0,0,0,10,0,1,611,2,74,0,1,0
Jonnu Smith,ATL,TE,28,17,6,70,50,0,0,1,0,0,1,582,3,74,0,1,1
Tutu Atwell,LAR,WR,24,16,14,67,39,0,0,0,31,0,5,483,3,73,0,0,0
Odell Beckham Jr.,BAL,WR,31,14,6,64,35,0,0,0,0,0,0,565,3,73,0,1,1
Zach Charbonnet,SEA,RB,22,16,2,40,33,0,0,0,462,1,108,209,0,73,0,0,0
Elijah Moore,CLE,WR,23,17,12,104,59,0,0,0,11,0,9,640,2,73,0,2,2
Anthony Richardson,IND,QB,21,4,4,0,0,577,3,84,136,4,25,0,0,73,1,3,1
Wan'Dale Robinson,NYG,WR,22,15,8,78,60,0,0,0,87,1,9,525,1,73,0,0,0
Christian Watson,GNB,WR,24,9,9,53,28,0,0,0,11,0,4,422,5,73,0,0,0
K.J. Osborn,MIN,WR,26,16,12,75,48,0,0,0,0,0,0,540,3,72,0,1,0
Logan Thomas,WAS,TE,32,16,15,78,55,0,0,0,2,0,1,496,4,72,0,2,2
Isaiah Likely,BAL,TE,23,17,8,40,30,0,0,0,0,0,0,411,5,71,0,0,0
Samaje Perine,DEN,RB,28,17,1,56,50,0,0,0,238,1,53,455,0,71,0,3,2
Cade Otton,TAM,TE,24,17,17,67,47,0,0,0,0,0,0,455,4,70,0,1,1
Dameon Pierce,HOU,RB,23,14,7,17,13,0,0,0,416,2,145,101,0,70,0,0,0
Noah Brown,HOU,WR,27,10,7,55,33,0,0,0,-1,0,1,567,2,69,0,0,0
Josh Palmer,LAC,WR,24,10,6,61,38,0,0,0,6,0,1,581,2,69,0,1,1
Bailey Zappe,NWE,QB,24,10,6,0,0,1272,6,212,83,1,17,0,0,69,9,2,1
Roschon Johnson,CHI,RB,22,15,0,40,34,0,0,0,352,2,81,209,0,68,0,1,0
Easton Stick,LAC,QB,28,5,4,0,0,1129,3,174,144,1,27,0,0,68,1,5,4
Kenneth Gainwell,PHI,RB,24,16,2,37,30,17,0,1,364,2,84,183,0,67,0,3,1
Nick Mullens,MIN,QB,28,5,3,0,0,1306,7,148,25,0,10,0,0,67,8,2,0
Taylor Heinicke,ATL,QB,30,5,4,0,0,890,5,136,124,1,15,0,0,66,4,1,0
Latavius Murray,BUF,RB,33,16,4,22,17,0,0,0,300,4,79,119,0,66,0,1,0
Rondale Moore,ARI,WR,23,17,8,62,40,0,0,0,178,1,28,352,1,65,0,1,0
Jimmy Garoppolo,LVR,QB,32,7,6,0,0,1205,7,169,39,0,20,0,0,64,9,1,0
Kendrick Bourne,NWE,WR,28,8,5,55,37,0,0,0,4,0,1,406,4,63,0,1,1
Alec Pierce,IND,WR,23,17,16,65,32,0,0,0,0,0,0,514,2,63,0,0,0
Nelson Agholor,BAL,WR,30,17,3,45,35,0,0,0,0,0,0,381,4,62,0,1,0
Tyler Conklin,NYJ,TE,28,17,12,87,61,0,0,0,0,0,1,621,0,62,0,0,0
Tyler Higbee,LAR,TE,30,15,15,70,47,0,0,0,0,0,0,495,2,62,0,0,0
Kalif Raymond,DET,WR,29,17,3,44,35,0,0,0,75,0,7,489,1,62,0,1,0
Justin Watson,KAN,WR,27,16,8,53,27,0,0,0,0,0,0,460,3,62,0,1,1
Juwan Johnson,NOR,TE,27,13,11,59,37,0,0,0,0,0,0,368,4,61,0,0,0
Keaton Mitchell,BAL,RB,21,8,2,11,9,0,0,0,396,2,47,93,0,61,0,0,0
Demarcus Robinson,LAR,WR,29,16,4,39,26,0,0,0,23,0,1,371,4,61,0,2,1
Miles Sanders,CAR,RB,26,16,5,41,27,0,0,0,432,1,129,154,0,61,0,2,2
Darren Waller,NYG,TE,31,12,11,74,52,0,0,0,0,0,0,552,1,61,0,0,0
Gerald Everett,LAC,TE,29,15,12,70,51,0,0,0,10,0,3,411,3,60,0,3,0
Jerick McKinnon,KAN,RB,31,12,0,32,25,4,1,1,60,1,21,192,4,59,0,0,0
Chigoziem Okonkwo,TEN,TE,24,17,11,77,54,0,0,0,6,0,2,528,1,59,0,0,0
Zamir White,LVR,RB,24,17,4,19,15,0,0,0,451,1,104,98,0,59,0,1,1
Demario Douglas,NWE,WR,23,14,7,79,49,0,0,0,41,0,8,561,0,58,0,3,1
Daniel Jones,NYG,QB,26,6,6,0,0,909,2,160,206,1,40,0,0,57,6,4,1
Trey Palmer,TAM,WR,22,17,8,68,39,0,0,0,22,0,3,385,3,57,0,3,1
Nick Westbrook-Ikhine,TEN,WR,26,14,9,45,28,0,0,0,0,0,0,370,3,57,0,0,0
Quentin Johnston,LAC,WR,22,17,10,67,38,0,0,0,9,0,3,431,2,56,0,0,0
Jameson Williams,DET,WR,22,12,10,42,24,0,0,0,29,1,3,354,2,56,0,1,0
Michael Gallup,DAL,WR,27,17,13,57,34,0,0,0,0,0,0,418,2,54,0,0,0
Brandon Johnson,DEN,WR,25,13,2,30,19,0,0,0,0,0,0,284,4,54,0,0,0
Joshua Kelley,LAC,RB,26,17,3,12,8,0,0,0,405,2,107,32,0,54,0,1,1
Tyson Bagent,CHI,QB,23,5,4,0,0,859,3,143,109,2,23,0,0,53,6,3,2
Clyde Edwards-Helaire,KAN,RB,24,15,3,22,17,0,0,0,223,1,70,188,1,53,0,0,0
Donald Parham,LAC,TE,26,14,8,41,27,0,0,0,0,0,0,285,4,53,0,0,0
Tre Tucker,LVR,WR,22,16,1,34,19,0,0,0,77,0,10,331,2,53,0,0,0
Emari Demercado,ARI,RB,24,14,2,30,21,0,0,0,284,2,58,119,0,52,0,0,0
Michael Thomas,NOR,WR,30,10,7,64,39,0,0,0,0,0,0,448,1,51,0,0,0
Marvin Mims,DEN,WR,21,16,7,33,22,0,0,0,30,0,9,377,1,49,0,2,2
A.T. Perry,NOR,WR,24,10,3,18,12,0,0,0,0,0,0,246,4,49,0,0,0
Mitchell Trubisky,PIT,QB,29,5,2,0,0,632,4,107,54,2,16,0,0,49,5,1,1
Robert Woods,HOU,WR,31,14,11,75,40,0,0,0,7,0,1,426,1,49,0,0,0
Tucker Kraft,GNB,TE,23,17,8,40,31,0,0,0,0,0,0,355,2,48,0,0,0
Darnell Mooney,CHI,WR,26,15,14,61,31,0,0,0,5,0,2,414,1,48,0,0,0
KaVontae Turpin,DAL,WR,27,16,0,18,12,0,0,0,110,1,11,127,3,48,0,1,0
Cedrick Wilson Jr.,MIA,WR,28,15,3,38,22,0,0,0,0,0,0,296,3,48,0,0,0
Chris Moore,TEN,WR,30,17,5,35,22,0,0,0,39,0,2,424,0,46,0,1,0
Rashod Bateman,BAL,WR,24,16,12,56,32,0,0,0,18,0,1,367,1,45,0,0,0
Royce Freeman,LAR,RB,27,14,0,2,1,0,0,0,319,2,77,13,0,45,0,0,0
Pat Freiermuth,PIT,TE,25,12,9,47,32,0,0,0,0,0,0,308,2,45,0,0,0
Zay Jones,JAX,WR,28,9,7,64,34,0,0,0,0,0,0,321,2,44,0,0,0
Michael Mayer,LVR,TE,22,14,12,40,27,0,0,0,0,0,0,304,2,44,0,0,0
Kylen Granson,IND,TE,25,15,7,50,30,0,0,0,2,0,1,368,1,43,0,0,0
Noah Gray,KAN,TE,24,17,10,41,28,0,0,0,1,0,1,305,2,43,0,0,0
Jamaal Williams,NOR,RB,28,13,4,20,18,0,0,0,306,1,106,62,0,43,0,1,0
Jordan Mason,SFO,RB,24,17,0,4,3,0,0,0,206,3,40,31,0,42,0,0,0
Jonathan Mingo,CAR,WR,22,15,14,85,43,0,0,0,0,0,0,418,0,42,0,1,0
Elijah Mitchell,SFO,RB,25,11,1,8,6,0,0,0,281,2,75,14,0,42,0,0,0
Greg Dortch,ARI,WR,25,16,4,41,24,0,0,0,5,0,1,280,2,41,0,0,0
Noah Fant,SEA,TE,26,17,17,43,32,0,0,0,0,0,0,414,0,41,0,0,0
Tanner Hudson,CIN,TE,29,12,1,50,39,0,0,0,0,0,0,352,1,41,0,0,0
Luke Musgrave,GNB,TE,23,11,9,46,34,0,0,0,0,0,0,352,1,41,0,0,0
Chase Brown,CIN,RB,23,12,0,15,14,0,0,0,179,0,44,156,1,40,0,1,0
Mason Rudolph,PIT,QB,28,4,3,0,0,719,3,74,8,0,10,0,0,40,0,3,1
Isaiah Hodgins,NYG,WR,25,17,9,33,21,0,0,0,0,0,0,230,3,39,0,1,1
DeVante Parker,NWE,WR,30,13,13,55,33,0,0,0,0,0,0,394,0,39,0,0,0
Jake Bobo,SEA,WR,25,17,0,25,19,0,0,0,3,1,1,196,2,38,0,0,0
Xavier Gipson,NYJ,WR,22,17,3,38,21,0,0,0,68,1,8,229,0,38,0,5,2
Trenton Irwin,CIN,WR,28,16,5,32,25,0,0,0,0,0,0,316,1,38,0,2,0
Brandon Powell,MIN,WR,28,17,2,44,29,0,0,0,17,0,5,324,1,38,0,1,1
Pierre Strong,CLE,RB,25,17,1,8,5,0,0,0,291,1,63,47,0,38,0,1,1
Adam Trautman,DEN,TE,26,17,12,35,22,0,0,0,0,0,0,204,3,38,0,0,0
Jalin Hyatt,NYG,WR,22,17,7,40,23,0,0,0,0,0,0,373,0,37,0,1,0
Allen Lazard,NYJ,WR,28,14,12,49,23,0,0,0,0,0,0,311,1,37,0,0,0
Colby Parkinson,SEA,TE,24,17,1,34,25,0,0,0,0,0,0,247,2,37,0,0,0
Durham Smythe,MIA,TE,28,16,14,43,35,0,0,0,0,0,0,366,0,37,0,0,0
Jalen Tolbert,DAL,WR,24,17,6,36,22,0,0,0,0,0,0,268,2,37,0,1,1
Tommy Tremble,CAR,TE,23,16,8,32,23,0,0,0,0,0,0,194,3,37,0,0,0
Cam Akers,2TM,RB,24,7,1,12,11,0,0,0,167,2,60,70,0,36,0,0,0
Mo Alie-Cox,IND,TE,30,17,7,22,13,0,0,0,0,0,0,161,3,36,0,0,0
Calvin Austin,PIT,WR,24,17,1,30,17,0,0,0,57,1,11,180,1,36,0,2,0
Mike Gesicki,NWE,TE,28,17,10,45,29,0,0,0,0,0,0,244,2,36,0,0,0
Andrei Iosivas,CIN,WR,24,16,1,25,15,0,0,0,0,0,0,116,4,36,0,0,0
Chris Rodriguez,WAS,RB,23,13,0,2,2,0,0,0,247,2,51,12,0,36,0,1,1
Marquez Valdes-Scantling,KAN,WR,29,16,10,42,21,0,0,0,0,0,0,315,1,36,0,1,1
David Bell,CLE,WR,23,15,3,23,14,0,0,0,0,0,0,167,3,35,0,0,0
Michael Carter,2TM,RB,24,15,0,31,24,0,0,0,187,0,30,101,1,35,0,0,0
Darrell Henderson,LAR,RB,26,4,4,14,10,0,0,0,112,2,46,103,0,34,0,0,0
Lil'Jordan Humphrey,DEN,WR,25,17,8,19,13,0,0,0,0,0,0,162,3,34,0,0,0
Brevin Jordan,HOU,TE,23,14,6,21,17,0,0,0,0,0,0,219,2,34,0,0,0
Jauan Jennings,SFO,WR,26,13,2,33,19,0,0,0,0,0,0,265,1,33,0,0,0
Dawson Knox,BUF,TE,27,12,11,36,22,0,0,0,0,0,0,186,2,33,0,0,0
Kendre Miller,NOR,RB,21,8,0,11,10,0,0,0,156,1,41,117,0,33,0,0,0
Skyy Moore,KAN,WR,23,14,8,38,21,0,0,0,23,0,3,244,1,33,0,0,0
JuJu Smith-Schuster,NWE,WR,27,11,7,47,29,0,0,0,0,0,0,260,1,32,0,0,0
Braxton Berrios,MIA,WR,28,16,1,33,27,0,0,0,11,0,1,238,1,31,0,1,0
Josh Oliver,MIN,TE,26,17,14,28,22,0,0,0,0,0,0,213,2,31,0,1,1
Mike Williams,LAC,WR,29,3,3,26,19,0,0,0,3,0,1,249,1,31,0,0,0
Matt Breida,NYG,RB,28,17,4,21,17,0,0,0,151,1,55,88,0,30,0,1,0
Bo Melton,GNB,WR,24,5,1,24,16,0,0,0,21,0,3,218,1,30,0,0,0
Alex Erickson,LAC,WR,31,8,3,29,16,0,0,0,0,0,0,232,1,29,0,0,0
Drew Lock,SEA,QB,27,4,2,0,0,543,3,76,14,0,5,0,0,29,3,0,0
Andrew Beck,HOU,FB,27,15,12,13,11,0,0,0,3,1,5,55,2,28,0,1,1
Jimmy Graham,NOR,TE,37,13,2,7,6,0,0,0,0,0,0,39,4,28,0,0,0
Scott Miller,ATL,WR,26,17,0,16,11,0,0,0,0,0,0,161,2,28,0,0,0
Cordarrelle Patterson,ATL,RB,32,14,0,12,9,0,0,0,181,0,50,38,1,28,0,1,0
Allen Robinson,PIT,WR,30,17,17,49,34,0,0,0,0,0,0,280,0,28,0,0,0
Drew Sample,CIN,TE,27,17,10,27,22,0,0,0,0,0,0,163,2,28,0,0,0
Olamide Zaccheaus,PHI,WR,26,17,1,20,10,0,0,0,0,0,0,164,2,28,0,0,0
Salvon Ahmed,MIA,RB,25,8,0,23,16,0,0,0,61,1,22,88,1,27,0,0,0
Andrew Ogletree,IND,TE,25,12,9,21,9,0,0,0,0,0,0,147,2,27,0,0,0
Trevor Siemian,NYJ,QB,32,5,3,0,0,724,2,153,40,0,11,0,0,27,4,5,3
Jarrett Stidham,DEN,QB,27,3,2,0,0,496,2,66,8,0,9,0,0,27,1,1,0
Jeff Wilson,MIA,RB,28,10,0,17,14,0,0,0,188,0,41,85,0,27,0,0,0
Jamal Agnew,JAX,WR,28,11,1,21,14,0,0,0,-2,0,4,225,1,26,0,1,1
Daniel Bellinger,NYG,TE,23,17,13,28,25,0,0,0,0,0,0,255,0,26,0,0,0
Chase Edmonds,TAM,RB,27,13,0,17,14,0,0,0,176,0,49,81,0,26,0,0,0
Tyler Huntley,BAL,QB,25,5,1,0,0,203,3,37,55,0,15,0,0,26,0,0,0
Kadarius Toney,KAN,WR,24,13,2,38,27,0,0,1,31,0,11,169,1,26,0,1,0
Carson Wentz,LAR,QB,31,2,1,0,0,163,2,24,56,1,17,0,0,26,1,0,0
Ronnie Bell,SFO,WR,23,17,0,13,6,0,0,0,0,0,0,68,3,25,0,1,0
Pharaoh Brown,NWE,TE,29,17,11,15,13,0,0,0,0,0,0,208,1,25,0,1,1
Harrison Bryant,CLE,TE,25,17,9,20,13,0,0,0,8,0,5,81,3,25,0,1,1
Dalvin Cook,NYJ,RB,28,15,1,20,15,0,0,0,214,0,67,78,0,25,0,2,2
Dalvin Cook,BAL,RB,28,0,0,,,,,,,,,,,25,,,
Zach Ertz,ARI,TE,33,7,7,43,27,0,0,0,0,0,0,187,1,25,0,0,0
Deonte Harty,BUF,WR,26,16,1,21,15,0,0,0,0,0,4,150,1,25,0,2,1
Mack Hollins,ATL,WR,30,13,3,30,18,0,0,0,0,0,0,251,0,25,0,0,0
D'Ernest Johnson,JAX,RB,27,17,0,12,10,0,0,0,108,0,41,140,0,25,0,0,0
Ty Johnson,BUF,RB,26,10,0,7,7,0,0,0,132,0,30,62,1,25,0,1,0
Julio Jones,PHI,WR,34,11,4,19,11,0,0,0,0,0,0,74,3,25,0,0,0
Tony Jones,2TM,RB,26,7,1,10,7,0,0,0,95,2,26,37,0,25,0,0,0
Kyle Juszczyk,SFO,FB,32,17,16,17,14,0,0,0,6,0,5,119,2,25,0,0,0
Foster Moreau,NOR,TE,26,15,10,25,21,0,0,0,0,0,0,193,1,25,0,0,0
Craig Reynolds,DET,RB,27,17,0,5,5,0,0,0,179,1,41,47,0,25,0,2,2
Ihmir Smith-Marsette,CAR,WR,24,17,0,10,8,0,0,0,74,1,8,51,0,25,0,2,0
Treylon Burks,TEN,WR,23,11,9,30,16,0,0,0,18,0,5,221,0,24,0,0,0
Andy Dalton,CAR,QB,36,3,1,0,0,361,2,58,12,0,3,0,0,24,0,0,0
Hayden Hurst,CAR,TE,30,9,8,32,18,0,0,0,0,0,0,184,1,24,0,0,0
Hunter Renfrow,LVR,WR,28,17,3,37,25,0,0,0,0,0,0,255,0,24,0,1,1
Jacoby Brissett,WAS,QB,31,3,0,0,0,224,3,23,19,0,3,0,0,23,0,0,0
Dyami Brown,WAS,WR,24,17,1,23,12,4,0,1,0,0,1,168,1,23,0,0,0
Sam Darnold,SFO,QB,26,10,1,0,0,297,2,46,15,1,21,0,0,23,1,3,1
Will Dissly,SEA,TE,27,16,14,22,17,0,0,0,0,0,0,172,1,23,0,0,0
Darrynton Evans,2TM,RB,25,7,0,12,7,0,0,0,121,1,32,49,0,23,0,0,0
KhaDarel Hodge,ATL,WR,28,17,4,23,14,0,0,0,0,0,1,232,0,23,0,1,0
Austin Hooper,LVR,TE,29,17,9,31,25,0,0,0,0,0,0,234,0,23,0,0,0
Johnny Mundt,MIN,TE,29,17,0,23,17,0,0,0,0,0,0,172,1,23,0,0,0
Cedric Tillman,CLE,WR,23,14,3,44,21,0,0,0,8,0,1,224,0,23,0,0,0
Parker Washington,JAX,WR,21,9,1,21,16,0,0,0,0,0,0,132,2,23,0,2,1
Ameer Abdullah,LVR,RB,30,17,0,24,19,0,0,0,89,0,15,131,0,22,0,0,0
Tank Bigsby,JAX,RB,22,17,0,4,1,0,0,0,132,2,50,6,0,22,0,2,2
Elijah Higgins,ARI,TE,23,11,2,19,14,0,0,0,0,0,0,163,1,22,0,0,0
Jalen Reagor,NWE,WR,24,11,1,23,7,0,0,0,17,0,1,138,0,22,0,0,0
Stone Smartt,LAC,TE,25,16,3,21,11,0,0,0,0,0,0,155,1,22,0,0,0
Dorian Thompson-Robinson,CLE,QB,24,8,3,0,0,440,1,112,65,0,14,0,0,22,4,2,0
C.J. Beathard,JAX,QB,30,7,1,0,0,349,1,53,35,0,8,0,0,21,0,1,0
Derius Davis,LAC,WR,23,17,2,17,15,0,0,0,101,0,14,66,0,21,0,3,1
Van Jefferson,2TM,WR,27,17,9,43,20,0,0,0,4,0,1,209,0,21,0,0,0
Will Mallory,IND,TE,24,12,2,26,18,0,0,0,0,0,0,207,0,21,0,1,0
Jamison Crowder,WAS,WR,30,17,0,20,16,0,0,0,0,0,0,159,1,20,0,2,1
P.J. Walker,CLE,QB,28,6,2,0,0,674,1,111,30,0,13,0,0,20,5,4,2
Quez Watkins,PHI,WR,25,9,5,21,15,0,0,0,0,0,0,142,1,20,0,0,0
Robbie Chosen,MIA,WR,30,9,0,6,4,0,0,0,0,0,0,126,1,19,0,0,0
Nick Chubb,CLE,RB,28,2,2,4,4,0,0,0,170,0,28,21,0,19,0,0,0
Malik Heath,GNB,WR,23,13,1,24,15,0,0,0,0,0,0,125,1,19,0,0,0
Luke Schoonmaker,DAL,TE,25,17,0,15,8,0,0,0,0,0,0,65,2,19,0,0,0
Tyler Scott,CHI,WR,22,17,4,32,17,0,0,0,41,0,7,168,0,19,0,1,1
Patrick Taylor,GNB,RB,25,11,0,17,11,0,0,0,141,0,32,49,0,19,0,0,0
River Cracraft,MIA,WR,29,10,1,12,9,0,0,0,0,0,0,121,1,18,0,0,0
Kevin Harris,NWE,RB,23,4,0,3,3,0,0,0,65,1,16,58,0,18,0,0,0
Davis Mills,HOU,QB,25,6,0,0,0,173,2,39,9,0,2,0,0,18,0,0,0
Deven Thompkins,TAM,WR,24,17,1,25,17,0,0,0,56,0,8,83,1,18,0,3,1
Melvin Gordon,BAL,RB,30,4,0,3,3,0,0,0,81,1,26,46,0,17,0,1,1
Damien Harris,BUF,RB,26,6,0,2,2,0,0,0,94,1,23,16,0,17,0,0,0
Connor Heyward,PIT,TE,24,17,7,34,23,0,0,1,0,0,1,167,0,17,0,0,0
Ray-Ray McCloud,SFO,WR,27,12,1,15,12,0,0,0,30,0,3,135,0,17,0,1,0
MyCole Pruitt,ATL,TE,31,17,8,12,9,0,0,0,0,0,0,110,1,17,0,1,0
Trey Sermon,IND,RB,24,14,0,6,3,0,0,0,160,0,35,13,0,17,0,0,0
Davis Allen,LAR,TE,22,15,1,11,10,0,0,0,0,0,0,95,1,16,0,0,0
Luke Farrell,JAX,TE,26,17,8,15,13,0,0,0,0,0,0,155,0,16,0,0,0
Lucas Krull,DEN,TE,25,7,2,14,8,0,0,0,0,0,0,95,1,16,0,0,0
John Metchie,HOU,WR,23,16,0,30,16,0,0,0,4,0,1,158,0,16,0,0,0
Donovan Peoples-Jones,2TM,WR,24,15,6,25,13,0,0,0,0,0,0,155,0,16,0,1,0
Kyle Philips,TEN,WR,24,9,0,22,15,0,0,0,0,0,0,181,0,16,0,1,1
Irv Smith Jr.,CIN,TE,25,12,6,26,18,0,0,0,0,0,0,115,1,16,0,1,1
John Bates,WAS,TE,26,17,4,28,19,0,0,0,0,0,0,151,0,15,0,0,0
Jalen Guyton,LAC,WR,26,8,3,21,10,0,0,0,0,0,0,89,1,15,0,0,0
Charlie Kolar,BAL,TE,24,15,3,9,7,0,0,0,0,0,0,87,1,15,0,0,0
David Moore,TAM,WR,28,7,0,7,5,0,0,0,0,0,0,94,1,15,0,0,0
Ronnie Rivers,LAR,RB,24,9,1,5,5,0,0,0,129,0,32,22,0,15,0,0,0
Jeremy Ruckert,NYJ,TE,23,15,6,22,16,0,0,0,0,0,0,151,0,15,0,0,0
Trent Sherfield,BUF,WR,27,17,1,22,11,0,0,0,0,0,0,86,1,15,0,0,0
Josh Whyle,TEN,TE,24,11,3,15,9,0,0,0,0,0,0,94,1,15,0,0,0
Brock Wright,DET,TE,25,14,4,14,13,0,0,0,0,0,0,91,1,15,0,0,0
Chase Claypool,2TM,WR,25,12,2,21,8,0,0,0,0,0,0,77,1,14,0,0,0
Jeff Driskel,CLE,QB,30,1,1,0,0,166,2,26,33,0,7,0,0,14,2,0,0
Xavier Hutchinson,HOU,WR,23,16,0,19,8,0,0,0,49,0,5,90,0,14,0,0,0
Charlie Jones,CIN,WR,25,11,0,9,7,0,0,0,13,0,2,64,0,14,0,0,0
Terrace Marshall Jr.,CAR,WR,23,9,4,33,19,0,0,0,0,0,0,139,0,14,0,1,0
Byron Pringle,WAS,WR,30,17,1,22,14,0,0,0,0,0,0,161,0,14,0,1,1
Ben Skowronek,LAR,WR,26,17,0,12,8,0,0,0,9,0,2,66,1,14,0,0,0
Tyquan Thornton,NWE,WR,23,9,3,23,13,0,0,0,51,0,3,91,0,14,0,0,0
Jordan Akins,CLE,TE,31,17,4,23,15,0,0,0,0,0,0,132,0,13,0,0,0
Isaiah Spiller,LAC,RB,22,9,0,6,6,0,0,0,96,0,37,34,0,13,0,0,0
Stephen Sullivan,CAR,TE,27,11,0,24,12,0,0,0,0,0,0,125,0,13,0,0,0
Lynn Bowden Jr.,NOR,WR,26,15,3,16,11,0,0,0,32,0,5,83,0,12,0,1,0
Jason Brownlee,NYJ,WR,24,7,5,8,5,0,0,0,0,0,0,56,1,12,0,0,0
Randall Cobb,NYJ,WR,33,11,1,17,5,0,0,0,0,0,0,39,1,12,0,0,0
Tyler Goodson,IND,RB,23,6,1,9,6,0,0,0,87,0,13,34,0,12,0,0,0
Alec Ingold,MIA,FB,27,17,13,16,13,0,0,0,0,0,2,119,0,12,0,0,0
Marcus Mariota,PHI,QB,30,3,0,0,0,164,1,23,52,0,8,0,0,12,1,1,1
D.J. Montgomery,IND,WR,27,7,0,8,3,0,0,0,0,0,0,56,1,12,0,0,0
Boston Scott,PHI,RB,28,15,0,6,4,0,0,0,86,0,20,52,0,12,0,1,1
Laviska Shenault Jr.,CAR,WR,25,8,0,10,10,0,0,0,55,0,12,60,0,12,0,1,0
Cole Turner,WAS,TE,23,12,1,15,11,0,0,0,0,0,0,120,0,12,0,0,0
C.J. Uzomah,NYJ,TE,30,12,8,12,8,0,0,0,0,0,0,58,1,12,0,0,0
Jameis Winston,NOR,QB,29,7,0,0,0,264,2,47,-6,0,5,0,0,12,3,0,0
Raheem Blackshear,CAR,RB,24,12,0,7,6,0,0,0,46,0,14,45,0,11,0,0,0
Brandon Bolden,LVR,RB,33,17,0,0,0,0,0,0,31,1,4,0,0,11,0,0,0
Tim Boyle,NYJ,QB,29,3,2,0,0,360,1,77,5,0,4,0,0,11,4,2,0
Chris Brooks,MIA,RB,23,9,0,0,0,0,0,0,106,0,19,0,0,11,0,0,0
Mecole Hardman,2TM,WR,25,11,2,24,15,0,0,0,3,0,1,124,0,11,0,1,1
La'Mical Perine,KAN,RB,25,3,1,5,3,0,0,0,77,0,22,33,0,11,0,0,0
Patrick Ricard,BAL,FB,29,17,9,7,5,0,0,0,0,0,0,52,1,11,0,0,0
Robert Tonyan,CHI,TE,29,17,6,17,11,0,0,0,0,0,0,112,0,11,0,0,0
Emanuel Wilson,GNB,RB,24,7,0,5,4,0,0,0,85,0,14,23,0,11,0,1,0
Lawrence Cager,NYG,TE,26,11,0,5,4,0,0,0,0,0,0,36,1,10,0,0,0
Parris Campbell,NYG,WR,26,12,3,27,20,0,0,0,0,0,0,104,0,10,0,0,0
J.K. Dobbins,BAL,RB,25,1,1,3,2,0,0,0,22,1,8,15,0,10,0,0,0
Marquise Goodwin,CLE,WR,33,12,0,13,4,0,0,0,33,0,4,67,0,10,0,0,0
Keaontay Ingram,ARI,RB,24,8,1,4,4,0,0,0,74,0,35,26,0,10,0,0,0
Case Keenum,HOU,QB,35,2,2,0,0,291,1,53,1,0,2,0,0,10,3,1,0
Keith Kirkwood,NOR,WR,29,13,4,9,5,0,0,0,0,0,0,37,1,10,0,0,0
Hunter Luepke,DAL,RB,23,17,0,4,3,0,0,0,19,1,6,18,0,10,0,0,0
Sterling Shepard,NYG,WR,30,15,2,22,10,0,0,0,6,0,1,57,1,10,0,1,1
Brenton Strange,JAX,TE,23,14,4,9,5,0,0,0,0,0,0,35,1,10,0,0,0
Israel Abanikanda,NYJ,RB,21,6,0,11,7,0,0,0,70,0,22,43,0,9,0,1,1
Nick Bawden,NYJ,FB,27,16,2,3,3,0,0,0,4,1,2,21,0,9,0,0,0
Richie James,KAN,WR,28,9,1,14,10,0,0,0,0,0,0,114,0,9,0,2,1
Marcedes Lewis,CHI,TE,39,17,4,5,4,0,0,0,0,0,0,29,1,9,0,0,0
Quintin Morris,BUF,TE,24,15,0,3,2,0,0,0,0,0,0,26,1,9,0,0,0
Geoff Swaim,ARI,TE,30,14,8,11,10,0,0,0,0,0,0,94,0,9,0,0,0
Brycen Hopkins,LAR,TE,26,15,0,7,5,0,0,0,0,0,0,78,0,8,0,0,0
Tim Jones,JAX,WR,25,17,2,18,11,0,0,0,0,0,0,83,0,8,0,0,0
Dare Ogunbowale,HOU,RB,29,12,0,7,2,0,0,0,35,0,8,18,0,8,0,0,0
Ben Sims,GNB,TE,23,17,1,6,4,0,0,0,0,0,0,21,1,8,0,0,0
Samori Toure,GNB,WR,25,11,0,18,8,0,0,0,0,0,0,78,0,8,0,1,1
Deuce Vaughn,DAL,RB,22,7,0,7,7,0,0,0,40,0,23,40,0,8,0,0,0
Trayveon Williams,CIN,RB,26,17,0,9,7,0,0,0,69,0,15,10,0,8,0,0,0
Blake Bell,KAN,TE,32,17,3,9,5,0,0,0,0,0,0,26,1,7,0,1,1
Gary Brightwell,NYG,RB,24,7,0,7,5,0,0,0,19,0,9,47,0,7,0,0,0
Chris Conley,SFO,WR,31,8,0,6,3,0,0,0,0,0,0,69,0,7,0,0,0
Josiah Deguara,GNB,TE,26,15,4,8,8,0,0,0,0,0,0,65,0,7,0,0,0
Simi Fehoko,LAC,WR,26,6,0,2,1,0,0,0,0,0,0,9,1,7,0,0,0
Eric Gray,NYG,RB,24,13,0,7,6,0,0,0,48,0,17,22,0,7,0,3,0
Tyler Johnson,LAR,WR,25,1,0,3,2,0,0,0,0,0,0,8,1,7,0,0,0
Velus Jones Jr.,CHI,WR,26,14,0,7,4,0,0,0,51,0,8,20,0,7,0,0,0
Clayton Tune,ARI,QB,24,7,1,0,0,62,0,21,30,1,8,0,0,7,2,2,1
Tylan Wallace,BAL,WR,24,11,0,2,1,0,0,0,0,0,0,11,0,7,0,0,0
Jalen Brooks,DAL,WR,23,7,0,6,6,0,0,0,0,0,0,64,0,6,0,0,0
DeAndre Carter,LVR,WR,30,17,1,7,4,0,0,0,18,0,3,39,0,6,0,2,0
Payne Durham,TAM,TE,23,13,2,7,5,0,0,0,0,0,0,58,0,6,0,0,0
Blaine Gabbert,KAN,QB,34,2,1,0,0,185,0,35,45,0,7,0,0,6,3,0,0
Rakim Jarrett,TAM,WR,22,10,0,9,4,0,0,0,0,0,1,60,0,6,0,0,0
Ko Kieft,TAM,TE,25,16,6,5,1,0,0,0,0,0,0,2,1,6,0,0,0
Isaiah McKenzie,IND,WR,28,13,2,14,11,0,0,0,14,0,3,82,0,6,0,3,2
Equanimeous St. Brown,CHI,WR,27,7,2,6,5,0,0,0,0,0,0,62,0,6,0,0,0
Ian Thomas,CAR,TE,27,12,5,9,5,0,0,0,0,0,0,56,0,6,0,0,0
Darnell Washington,PIT,TE,22,17,7,10,7,0,0,0,0,0,0,61,0,6,0,0,0
Mitchell Wilcox,CIN,TE,27,17,4,12,9,0,0,0,0,0,0,56,0,6,0,0,0
Damien Williams,ARI,RB,31,3,0,2,2,0,0,0,43,0,11,12,0,6,0,0,0
Brian Hoyer,LVR,QB,38,3,1,0,0,231,0,42,-3,0,3,0,0,5,2,0,0
Ty Montgomery,NWE,WR,30,13,0,12,5,0,0,0,9,0,3,40,0,5,0,0,0
Justyn Ross,KAN,WR,24,10,1,11,6,0,0,0,0,0,0,53,0,5,0,0,0
Brett Rypien,LAR,QB,27,2,1,0,0,172,0,38,19,0,3,0,0,5,1,2,1
Mike Strachan,CAR,WR,26,4,1,3,1,0,0,0,0,0,0,45,0,5,0,0,0
Michael Burton,DEN,FB,31,17,3,3,3,0,0,0,9,0,7,8,0,4,0,0,0
Grant Calcaterra,PHI,TE,25,15,1,4,4,0,0,0,0,0,0,39,0,4,0,0,0
Elijah Cooks,JAX,WR,25,9,0,4,3,0,0,0,0,0,0,38,0,4,0,0,0
Britain Covey,PHI,WR,26,16,0,6,4,0,0,0,0,0,0,42,0,4,0,2,0
Leonard Fournette,BUF,RB,28,2,0,0,0,0,0,0,40,0,12,0,0,4,0,0,0
Peyton Hendershot,DAL,TE,24,8,1,7,4,0,0,0,0,0,1,38,0,4,0,0,0
Rashaad Penny,PHI,RB,27,3,0,1,1,0,0,0,33,0,11,5,0,4,0,0,0
Jack Stoll,PHI,TE,25,17,10,8,5,0,0,0,0,0,0,38,0,4,0,0,0
Ke'Shawn Vaughn,TAM,RB,26,6,0,5,2,0,0,0,42,0,24,2,0,4,0,0,0
Khari Blasingame,CHI,FB,27,16,2,6,3,0,0,0,26,0,8,2,0,3,0,0,0
Keelan Doss,LAC,WR,27,5,0,13,6,0,0,0,0,0,0,33,0,3,0,0,0
Greg Dulcich,DEN,TE,23,2,1,4,3,0,0,0,0,0,0,25,0,3,0,0,0
Devin Duvernay,BAL,WR,26,13,1,9,4,0,0,0,15,0,4,18,0,3,0,0,0
Derrick Gore,WAS,RB,29,6,0,0,0,0,0,0,26,0,3,0,0,3,0,0,0
C.J. Ham,MIN,FB,30,17,5,9,7,0,0,0,7,0,1,25,0,3,0,0,0
Julian Hill,MIA,TE,23,15,4,9,6,0,0,0,0,0,0,48,0,3,0,1,1
Trishton Jackson,MIN,WR,25,7,0,4,2,0,0,0,0,0,0,9,0,3,0,0,0
James Mitchell,DET,TE,24,15,1,2,2,0,0,0,0,0,0,28,0,3,0,0,0
Jalen Nailor,MIN,WR,24,6,1,6,3,0,0,0,0,0,0,29,0,3,0,0,0
Teagan Quitoriano,HOU,TE,23,7,5,3,2,0,0,0,0,0,0,33,0,3,0,0,0
Cooper Rush,DAL,QB,30,7,0,0,0,144,0,24,-5,0,12,0,0,3,1,0,0
Steven Sims,HOU,WR,26,3,0,3,3,0,0,0,1,0,1,25,0,3,0,0,0
Keith Smith,ATL,FB,31,13,6,3,3,0,0,0,0,0,0,33,0,3,0,0,0
Sean Tucker,TAM,RB,22,11,0,2,2,0,0,0,23,0,15,9,0,3,0,0,0
Malik Willis,TEN,QB,24,3,0,0,0,74,0,5,21,0,5,0,0,3,0,1,1
Charlie Woerner,SFO,TE,26,17,2,3,3,0,0,0,0,0,0,32,0,3,0,0,0
Kenny Yeboah,NYJ,TE,25,5,1,4,2,0,0,0,0,0,0,28,0,3,0,0,0
Nate Adkins,DEN,TE,24,10,1,5,4,0,0,0,0,0,0,22,0,2,0,0,0
Kayshon Boutte,NWE,WR,21,5,0,7,2,0,0,0,0,0,0,19,0,2,0,0,0
Miles Boykin,PIT,WR,27,17,0,4,3,0,0,0,0,0,0,17,0,2,0,0,0
DeeJay Dallas,SEA,RB,25,17,0,9,6,0,0,0,36,0,10,26,0,2,0,2,2
Tyrion Davis-Price,SFO,RB,23,1,0,0,0,0,0,0,21,0,6,0,0,2,0,0,0
Elijah Dotson,LAC,RB,24,4,0,2,2,0,0,0,6,0,4,13,0,2,0,0,0
Zach Evans,LAR,RB,22,10,0,0,0,0,0,0,19,0,9,0,0,2,0,0,0
Erik Ezukanma,MIA,WR,23,2,0,1,0,0,0,0,22,0,5,0,0,2,0,0,0
Jake Funk,IND,RB,25,4,0,1,1,0,0,0,10,0,2,12,0,2,0,0,0
Jaren Hall,MIN,QB,25,3,2,0,0,168,0,20,14,0,6,0,0,2,1,2,2
Marvin Jones,DET,WR,33,6,4,10,5,0,0,0,0,0,0,35,0,2,0,1,1
Zonovan Knight,DET,RB,22,2,0,1,1,0,0,0,13,0,3,8,0,2,0,0,0
Chris Manhertz,DEN,TE,31,16,4,4,2,0,0,0,0,0,0,16,0,2,0,0,0
Nick Muse,MIN,TE,25,2,0,1,1,0,0,0,0,0,0,22,0,2,0,0,0
Gunner Olszewski,2TM,WR,27,12,0,1,1,0,0,0,0,0,0,0,0,2,0,4,2
Zach Pascal,ARI,WR,29,14,1,15,4,0,0,0,0,0,0,19,0,2,0,0,0
Laquon Treadwell,BAL,WR,28,5,1,3,1,0,0,0,0,0,0,16,0,2,0,0,0
Trevon Wesco,TEN,TE,28,15,10,3,1,0,0,0,0,0,0,21,0,2,0,0,0
Mike White,MIA,QB,28,6,0,0,0,74,1,6,-9,0,8,0,0,2,1,1,1
Alex Armah,WAS,RB,29,8,0,3,3,0,0,0,0,0,0,13,0,1,0,0,0
Sean Clifford,GNB,QB,25,2,0,0,0,37,0,1,-2,0,3,0,0,1,0,1,0
Jashaun Corbin,NYG,RB,23,6,0,3,3,0,0,0,1,0,1,12,0,1,0,0,0
Kenyan Drake,2TM,RB,29,3,0,3,2,0,0,0,0,0,2,31,0,1,0,1,1
Ross Dwelley,SFO,TE,28,12,0,2,1,0,0,0,0,0,0,12,0,1,0,0,0
D'Wayne Eskridge,SEA,WR,26,4,0,1,0,0,0,0,5,0,2,0,0,1,0,0,0
Chris Evans,CIN,RB,26,8,0,1,1,0,0,0,12,0,2,-1,0,1,0,0,0
Tucker Fisk,ATL,TE,24,6,2,1,1,0,0,0,0,0,0,9,0,1,0,0,0
John FitzPatrick,ATL,TE,23,9,0,1,1,0,0,0,0,0,0,12,0,1,0,0,0
Cole Fotheringham,LVR,TE,26,2,0,1,1,0,0,0,0,0,0,6,0,1,0,0,0
Evan Hull,IND,RB,23,1,0,1,1,0,0,0,1,0,1,6,0,1,0,0,0
Collin Johnson,CHI,WR,26,3,0,1,1,0,0,0,0,0,0,11,0,1,0,0,0
Jakob Johnson,LVR,FB,29,13,5,2,1,0,0,0,0,0,0,12,0,1,0,0,0
Mason Kinsey,TEN,WR,25,6,0,1,1,0,0,0,0,0,0,6,0,1,0,0,0
A.J. McCarron,CIN,QB,33,2,0,0,0,19,0,5,0,0,0,0,0,1,0,0,0
Anthony McFarland Jr.,PIT,RB,24,3,0,2,2,0,0,0,0,0,0,11,0,1,0,0,0
Kene Nwangwu,MIN,RB,25,9,0,0,0,0,0,0,13,0,5,0,0,1,0,0,0
Devine Ozigbo,DET,RB,27,3,0,1,1,0,0,0,5,0,3,8,0,1,0,0,0
Kevin Rader,TEN,TE,28,14,0,3,1,0,0,0,0,0,0,6,0,1,0,0,0
Eric Saubert,2TM,TE,29,10,1,3,3,0,0,0,0,0,0,12,0,1,0,0,0
Willie Snead,SFO,WR,31,4,0,3,2,0,0,0,0,0,0,14,0,1,0,0,0
Malik Taylor,NYJ,WR,28,3,0,4,2,0,0,0,0,0,0,13,0,1,0,0,0
Cody Thompson,SEA,WR,27,7,0,1,1,0,0,0,0,0,0,10,0,1,0,0,0
Austin Trammell,LAR,WR,25,16,0,7,4,0,0,0,0,0,0,29,0,1,0,3,1
Jonathan Ward,TEN,RB,26,7,0,0,0,0,0,0,11,0,3,0,0,1,0,0,0
Devon Allen,PHI,WR,29,2,0,0,0,0,0,0,0,0,0,0,0,,0,0,0
Stephen Anderson,LAC,TE,30,3,0,0,0,0,0,0,0,0,0,0,0,,0,0,0
Andre Baccellia,ARI,WR,26,5,0,0,0,0,0,0,0,0,0,0,0,,0,0,0
Michael Bandy,DEN,WR,26,1,0,0,0,0,0,0,0,0,0,0,0,,0,0,0
Matt Barkley,JAX,QB,33,1,0,0,0,0,0,0,-3,0,3,0,0,,0,0,0
Nick Bellore,SEA,FB,34,16,0,0,0,0,0,0,0,0,0,0,0,,0,0,0
Chris Blair,ATL,WR,26,1,0,0,0,0,0,0,0,0,0,0,0,,0,0,0
Teddy Bridgewater,DET,QB,31,1,0,0,0,0,0,0,-2,0,2,0,0,,0,0,0
Matt Bushman,KAN,TE,28,1,0,0,0,0,0,0,0,0,0,0,0,,0,0,0
Terrell Bynum,LAC,WR,25,1,0,0,0,0,0,0,0,0,0,0,0,,0,0,0
Damiere Byrd,ATL,WR,30,1,0,2,0,0,0,0,0,0,0,0,0,,0,0,0
Jason Cabinda,DET,FB,27,4,0,0,0,0,0,0,0,0,1,0,0,,0,0,0
Marquez Callaway,NOR,WR,25,3,0,0,0,0,0,0,0,0,0,0,0,,0,0,0
Stephen Carlson,CHI,TE,27,1,0,0,0,0,0,0,0,0,0,0,0,,0,0,0
Irvin Charles,NYJ,WR,26,12,0,1,0,0,0,0,0,0,0,0,0,,0,0,0
Julius Chestnut,TEN,RB,23,3,0,0,0,0,0,0,0,0,0,0,0,,0,0,0
Dan Chisena,ARI,WR,26,4,0,0,0,0,0,0,0,0,0,0,0,,0,0,0
Dan Chisena,BAL,WR,26,0,0,,,,,,,,,,,,,,
Corey Clement,ARI,RB,29,3,0,0,0,0,0,0,0,0,0,0,0,,0,0,0
Tanner Conner,MIA,TE,25,3,0,0,0,0,0,0,0,0,0,0,0,,0,0,0
Malik Cunningham,2TM,QB,25,2,0,0,0,0,0,0,0,0,0,0,0,,0,0,0
Darrell Daniels,DET,TE,29,3,0,0,0,0,0,0,0,0,0,0,0,,0,0,0
Frank Darby,ATL,WR,26,1,0,0,0,0,0,0,0,0,0,0,0,,0,0,0
Jaelon Darden,CLE,WR,24,1,0,0,0,0,0,0,0,0,0,0,0,,0,0,0
Malik Davis,DAL,RB,25,3,0,0,0,0,0,0,0,0,0,0,0,,0,0,0
Phillip Dorsett,DEN,WR,30,2,1,3,0,0,0,0,0,0,0,0,0,,0,0,0
Colton Dowell,TEN,WR,24,10,1,2,1,0,0,0,0,0,0,3,0,,0,0,0
Dylan Drummond,DET,WR,23,1,0,0,0,0,0,0,0,0,0,0,0,,0,0,0
Sam Ehlinger,IND,QB,25,1,0,0,0,0,0,0,0,0,0,0,0,,0,0,0
Princeton Fant,DAL,TE,24,2,0,0,0,0,0,0,0,0,0,0,0,,0,0,0
Ethan Fernea,IND,WR,25,3,0,0,0,0,0,0,0,0,0,0,0,,0,0,0
Anthony Firkser,DET,TE,28,2,0,0,0,0,0,0,0,0,0,0,0,,0,0,0
Dez Fitzpatrick,PIT,WR,26,1,0,0,0,0,0,0,0,0,0,0,0,,0,0,0
Myles Gaskin,2TM,RB,26,3,0,0,0,0,0,0,0,0,0,0,0,,0,0,0
Zach Gentry,LVR,TE,27,1,0,0,0,0,0,0,0,0,0,0,0,,0,0,0
Reggie Gilliam,BUF,FB,26,17,0,1,1,0,0,0,0,0,0,3,0,,0,0,0
Antoine Green,DET,WR,24,9,0,2,1,0,0,0,0,0,0,2,0,,0,0,0
Jacob Harris,JAX,WR,26,2,0,0,0,0,0,0,0,0,0,0,0,,0,0,0
N'Keal Harry,MIN,WR,26,9,0,0,0,0,0,0,0,0,0,0,0,,0,0,0
Jamycal Hasty,2TM,RB,27,5,0,2,0,0,0,0,0,0,0,0,0,,0,0,0
Parker Hesse,ATL,TE,28,3,0,0,0,0,0,0,0,0,0,0,0,,0,0,0
J.P. Holtz,NOR,TE,30,1,0,0,0,0,0,0,0,0,0,0,0,,0,0,0
Travis Homer,CHI,RB,25,16,0,1,0,0,0,0,0,0,0,0,0,,0,0,0
Jesper Horsted,LVR,TE,26,13,0,1,1,0,0,0,0,0,0,4,0,,0,0,0
Mohamed Ibrahim,DET,RB,25,1,0,0,0,0,0,0,0,0,0,0,0,,0,0,0
Godwin Igwebuike,2TM,RB,29,12,0,0,0,0,0,0,0,0,0,0,0,,0,0,0
Andy Isabella,BUF,WR,27,2,0,0,0,0,0,0,0,0,0,0,0,,0,0,0
Kearis Jackson,TEN,WR,24,2,0,0,0,0,0,0,0,0,0,0,0,,0,0,0
Lucky Jackson,MIN,WR,26,3,0,0,0,0,0,0,0,0,0,0,0,,0,0,0
Shedrick Jackson,CIN,WR,24,5,0,1,0,0,0,0,0,0,0,0,0,,0,0,0
Tyree Jackson,NYG,TE,26,2,1,0,0,0,0,0,0,0,0,0,0,,0,0,0
Johnny Johnson,HOU,WR,24,1,0,0,0,0,0,0,0,0,0,0,0,,0,0,0
Hunter Kampmoyer,LAC,TE,25,1,0,0,0,0,0,0,0,0,0,0,0,,0,0,0
Dalton Keene,HOU,TE,24,1,0,0,0,0,0,0,0,0,0,0,0,,0,0,0
Tyler Kroft,MIA,TE,31,8,0,0,0,0,0,0,0,0,0,0,0,,0,0,0
Zack Kuntz,NYJ,TE,24,1,0,0,0,0,0,0,0,0,0,0,0,,0,0,0
Kwamie Lassiter II,CIN,WR,25,1,0,1,1,0,0,0,0,0,0,2,0,,0,0,0
Hunter Long,LAR,TE,25,4,1,0,0,0,0,0,0,0,0,0,0,,0,0,0
Tay Martin,SFO,WR,26,1,0,0,0,0,0,0,0,0,0,0,0,,0,0,0
Ben Mason,BAL,FB,24,1,0,0,0,0,0,0,0,0,0,0,0,,0,0,0
Jordan Matthews,CAR,TE,31,1,0,0,0,0,0,0,0,0,0,0,0,,0,0,0
Kenny McIntosh,SEA,RB,23,3,0,0,0,0,0,0,0,0,0,0,0,,0,0,0
Sean McKeon,DAL,TE,26,9,0,2,0,0,0,0,0,0,0,0,0,,0,0,0
Tre' McKitty,LAC,TE,24,6,0,0,0,0,0,0,0,0,0,0,0,,0,0,0
Jeremy McNichols,SFO,RB,28,3,0,0,0,0,0,0,0,0,0,0,0,,0,0,0
Kirk Merritt,NOR,WR,26,1,0,0,0,0,0,0,0,0,0,0,0,,0,0,0
Ryan Miller,TAM,WR,23,1,0,0,0,0,0,0,0,0,0,0,0,,0,0,0
Jordan Mims,NOR,RB,24,2,0,2,0,0,0,0,0,0,0,0,0,,0,0,0
Stanley Morgan Jr.,CIN,WR,27,3,0,0,0,0,0,0,0,0,0,0,0,,0,0,0
Albert Okwuegbunam,PHI,TE,25,4,0,1,0,0,0,0,0,0,0,0,0,,0,0,0
Qadree Ollison,PIT,RB,27,2,0,0,0,0,0,0,0,0,0,0,0,,0,0,0
Henry Pearson,GNB,FB,24,2,0,0,0,0,0,0,0,0,0,0,0,,0,0,0
Josh Pederson,JAX,TE,26,3,0,0,0,0,0,0,0,0,0,0,0,,0,0,0
Nathan Peterman,CHI,QB,29,2,0,0,0,0,0,0,-4,0,2,0,0,,0,1,0
Adam Prentice,NOR,FB,26,13,1,3,2,0,0,0,12,0,2,12,0,,0,1,1
Deneric Prince,KAN,RB,23,2,0,0,0,0,0,0,0,0,0,0,0,,0,0,0
Giovanni Ricci,CAR,FB,27,5,0,1,1,0,0,0,0,0,0,2,0,,0,0,0
James Robinson,GNB,RB,25,1,0,1,1,0,0,0,2,0,1,-2,0,,0,0,0
Aaron Rodgers,NYJ,QB,40,1,1,0,0,0,0,1,0,0,0,0,0,,0,0,0
Amari Rodgers,IND,WR,24,3,0,2,0,0,0,0,0,0,0,0,0,,0,0,0
Brady Russell,SEA,TE,25,15,0,0,0,0,0,0,0,0,0,0,0,,0,0,0
David Sills,DEN,WR,27,3,1,0,0,0,0,0,0,0,0,0,0,,0,0,0
Matthew Slater,NWE,WR,38,16,0,0,0,0,0,0,0,0,0,0,0,,0,0,0
Tre'Quan Smith,DEN,WR,27,1,0,0,0,0,0,0,0,0,0,0,0,,0,0,0
Matt Sokol,NWE,TE,28,3,1,0,0,0,0,0,0,0,0,0,0,,0,0,0
SaRodorick Thompson,SEA,RB,24,1,0,0,0,0,0,0,0,0,0,0,0,,0,0,0
Mitchell Tinsley,WAS,WR,24,2,0,0,0,0,0,0,0,0,0,0,0,,0,0,0
Noah Togiai,PHI,TE,26,1,0,0,0,0,0,0,0,0,0,0,0,,0,0,0
Kyle Trask,TAM,QB,25,2,0,0,0,0,0,1,-1,0,1,0,0,,0,0,0
DJ Turner,LVR,WR,26,10,0,0,0,0,0,0,0,0,0,0,0,,0,0,0
Xazavian Valladay,NYJ,RB,25,1,0,0,0,0,0,0,0,0,0,0,0,,0,0,0
Nick Vannett,LAC,TE,30,8,5,1,1,0,0,0,0,0,0,3,0,,0,0,0
Travis Vokolek,ARI,TE,25,2,0,0,0,0,0,0,0,0,0,0,0,,0,0,0
Dwayne Washington,DEN,RB,29,13,0,0,0,0,0,0,0,0,0,0,0,,0,0,0
Montrell Washington,KAN,WR,24,6,0,0,0,0,0,0,0,0,0,0,0,,0,2,0
Blake Whiteheart,ARI,TE,23,2,0,0,0,0,0,0,0,0,0,0,0,,0,0,0
Kristian Wilkerson,LVR,WR,26,2,1,0,0,0,0,0,0,0,0,0,0,,0,0,0
Brayden Willis,SFO,TE,24,7,0,0,0,0,0,0,0,0,0,0,0,,0,0,0
Jonathan Williams,WAS,RB,29,1,0,1,0,0,0,0,-2,0,1,0,0,,0,0,0
Rodney Williams,PIT,TE,25,13,0,2,0,0,0,0,0,0,0,0,0,,0,0,0
Juwann Winfree,IND,WR,27,8,1,1,0,0,0,0,0,0,0,0,0,,0,0,0
Easop Winston,SEA,WR,27,1,0,0,0,0,0,0,0,0,0,0,0,,0,0,0
Logan Woodside,ATL,QB,28,1,0,0,0,27,0,4,6,0,1,0,0,,1,0,0
Owen Wright,BAL,RB,24,1,0,0,0,0,0,0,0,0,0,0,0,,0,0,0
Dareke Young,SEA,WR,24,6,0,0,0,0,0,0,0,0,0,0,0,,0,0,0
Kyle Allen,BUF,QB,27,7,0,0,0,0,0,0,-13,0,13,0,0,-1,0,0,0
Deon Jackson,3TM,RB,24,4,1,6,5,0,0,0,16,0,14,14,0,-1,0,2,2
David Wells,TAM,TE,28,5,0,2,2,0,0,0,0,0,0,-10,0,-1,0,1,0
James Proche,CLE,WR,27,10,1,5,0,0,0,0,0,0,0,0,0,-2,0,1,1
Trent Taylor,CHI,WR,29,17,0,2,0,0,0,0,-2,0,1,0,0,-2,0,2,1
